{"cameraMode":{"drawMode":0,"name":"Shaded","section":"Shading Mode"},"sceneLighting":true,"audioPlay":false,"sceneViewState":{"showFog":true,"showMaterialUpdate":false,"showSkybox":true,"showFlares":true,"showImageEffects":true,"showParticleSystems":true},"in2DMode":false,"pivot":{"x":-0.3667048513889313,"y":-0.26923248171806338,"z":-4.563889503479004},"rotation":{"x":-0.04374781623482704,"y":-0.9560534954071045,"z":0.20056310296058656,"w":-0.21012349426746369},"size":6.245084285736084,"orthographic":false}