{"cameraMode":{"drawMode":0,"name":"Shaded","section":"Shading Mode"},"sceneLighting":true,"audioPlay":false,"sceneViewState":{"showFog":true,"showMaterialUpdate":false,"showSkybox":true,"showFlares":true,"showImageEffects":true,"showParticleSystems":true},"in2DMode":false,"pivot":{"x":-221.0874481201172,"y":2.047637939453125,"z":-17.056379318237306},"rotation":{"x":0.001116202911362052,"y":0.676590621471405,"z":-0.0010019794572144747,"w":0.7363836765289307},"size":0.4226013422012329,"orthographic":false}