{"cameraMode":{"drawMode":0,"name":"Shaded","section":"Shading Mode"},"sceneLighting":true,"audioPlay":false,"sceneViewState":{"showFog":true,"showMaterialUpdate":false,"showSkybox":true,"showFlares":true,"showImageEffects":true,"showParticleSystems":true},"in2DMode":false,"pivot":{"x":6.564751625061035,"y":10.86376667022705,"z":-17.899497985839845},"rotation":{"x":0.17058874666690827,"y":-0.23641376197338105,"z":0.04251815378665924,"w":0.9557117223739624},"size":0.06676757335662842,"orthographic":false}