{"cameraMode":{"drawMode":0,"name":"Shaded","section":"Shading Mode"},"sceneLighting":true,"audioPlay":false,"sceneViewState":{"showFog":true,"showMaterialUpdate":false,"showSkybox":true,"showFlares":true,"showImageEffects":true,"showParticleSystems":true},"in2DMode":false,"pivot":{"x":-36.96851348876953,"y":95.77783966064453,"z":-15.860185623168946},"rotation":{"x":0.548399806022644,"y":0.14694534242153169,"z":-0.09860369563102722,"w":0.8172818422317505},"size":46.327144622802737,"orthographic":false}