{"cameraMode":{"drawMode":2,"name":"Shaded Wireframe","section":"Shading Mode"},"sceneLighting":true,"audioPlay":false,"sceneViewState":{"showFog":true,"showMaterialUpdate":false,"showSkybox":true,"showFlares":true,"showImageEffects":true,"showParticleSystems":true},"in2DMode":false,"pivot":{"x":11.15114974975586,"y":-3.836014747619629,"z":-8.789529800415039},"rotation":{"x":0.05605927109718323,"y":0.9224507808685303,"z":-0.1458728164434433,"w":0.353179007768631},"size":21.826072692871095,"orthographic":false}