{"cameraMode":{"drawMode":0,"name":"Shaded","section":"Shading Mode"},"sceneLighting":true,"audioPlay":false,"sceneViewState":{"showFog":true,"showMaterialUpdate":false,"showSkybox":true,"showFlares":true,"showImageEffects":true,"showParticleSystems":true},"in2DMode":false,"pivot":{"x":2240.083251953125,"y":-139.3954620361328,"z":1480.90771484375},"rotation":{"x":0.0014874804764986039,"y":-0.11643356829881668,"z":-0.00018938140419777483,"w":-0.993333101272583},"size":56.75228500366211,"orthographic":false}