{"cameraMode":{"drawMode":0,"name":"Shaded","section":"Shading Mode"},"sceneLighting":true,"audioPlay":false,"sceneViewState":{"showFog":true,"showMaterialUpdate":false,"showSkybox":true,"showFlares":true,"showImageEffects":true,"showParticleSystems":true},"in2DMode":false,"pivot":{"x":0.743867814540863,"y":9.952689170837403,"z":-10.392451286315918},"rotation":{"x":0.18300078809261323,"y":0.14162331819534303,"z":-0.026652973145246507,"w":0.9725034832954407},"size":3.014211654663086,"orthographic":false}