{"cameraMode":{"drawMode":0,"name":"Shaded","section":"Shading Mode"},"sceneLighting":true,"audioPlay":false,"sceneViewState":{"showFog":true,"showMaterialUpdate":false,"showSkybox":true,"showFlares":true,"showImageEffects":true,"showParticleSystems":true},"in2DMode":false,"pivot":{"x":30.23636245727539,"y":1.9332048892974854,"z":-59.776851654052737},"rotation":{"x":-0.04580577090382576,"y":-0.7177416682243347,"z":-0.047452736645936969,"w":0.6932051181793213},"size":1.6312274932861329,"orthographic":false}