{"cameraMode":{"drawMode":0,"name":"Shaded","section":"Shading Mode"},"sceneLighting":true,"audioPlay":false,"sceneViewState":{"showFog":true,"showMaterialUpdate":false,"showSkybox":true,"showFlares":true,"showImageEffects":true,"showParticleSystems":true},"in2DMode":false,"pivot":{"x":-3.695455312728882,"y":0.9091393351554871,"z":-2.3314411640167238},"rotation":{"x":-0.1951659768819809,"y":0.3756445348262787,"z":-0.08126068115234375,"w":-0.9023964405059815},"size":1.2897114753723145,"orthographic":false}