{"cameraMode":{"drawMode":0,"name":"Shaded","section":"Shading Mode"},"sceneLighting":true,"audioPlay":false,"sceneViewState":{"showFog":true,"showMaterialUpdate":false,"showSkybox":true,"showFlares":true,"showImageEffects":true,"showParticleSystems":true},"in2DMode":false,"pivot":{"x":26.18486785888672,"y":87.24369812011719,"z":32.179622650146487},"rotation":{"x":-0.029364679008722307,"y":0.9668897390365601,"z":0.216446191072464,"w":0.13250254094600678},"size":22.960460662841798,"orthographic":false}