{"cameraMode":{"drawMode":0,"name":"Shaded","section":"Shading Mode"},"sceneLighting":true,"audioPlay":false,"sceneViewState":{"showFog":true,"showMaterialUpdate":false,"showSkybox":true,"showFlares":true,"showImageEffects":true,"showParticleSystems":true},"in2DMode":false,"pivot":{"x":-23.881797790527345,"y":8.45348834991455,"z":15.993471145629883},"rotation":{"x":0.02546693943440914,"y":0.5285003781318665,"z":-0.015848588198423387,"w":0.8484203815460205},"size":10.0,"orthographic":false}