{"cameraMode":{"drawMode":0,"name":"Shaded","section":"Shading Mode"},"sceneLighting":true,"audioPlay":false,"sceneViewState":{"showFog":true,"showMaterialUpdate":false,"showSkybox":true,"showFlares":true,"showImageEffects":true,"showParticleSystems":true},"in2DMode":false,"pivot":{"x":26.667776107788087,"y":29.41111946105957,"z":45.75672149658203},"rotation":{"x":0.04410574585199356,"y":-0.9558643698692322,"z":0.21786412596702577,"w":0.1931096315383911},"size":2.666025161743164,"orthographic":false}