{"cameraMode":{"drawMode":0,"name":"Shaded","section":"Shading Mode"},"sceneLighting":true,"audioPlay":false,"sceneViewState":{"showFog":true,"showMaterialUpdate":false,"showSkybox":true,"showFlares":true,"showImageEffects":true,"showParticleSystems":true},"in2DMode":false,"pivot":{"x":9.246874809265137,"y":16.248062133789064,"z":-4.755808353424072},"rotation":{"x":-0.40224379301071169,"y":0.18493583798408509,"z":-0.0833779126405716,"w":-0.8928115367889404},"size":1.4263358116149903,"orthographic":false}