{"cameraMode":{"drawMode":0,"name":"Shaded","section":"Shading Mode"},"sceneLighting":true,"audioPlay":false,"sceneViewState":{"showFog":true,"showMaterialUpdate":false,"showSkybox":true,"showFlares":true,"showImageEffects":true,"showParticleSystems":true},"in2DMode":false,"pivot":{"x":96.36002349853516,"y":-24.22675132751465,"z":-2.5357282161712648},"rotation":{"x":0.13448362052440644,"y":0.30641165375709536,"z":-0.043759725987911227,"w":0.9413526058197022},"size":70.71244812011719,"orthographic":false}