{"cameraMode":{"drawMode":0,"name":"Shaded","section":"Shading Mode"},"sceneLighting":true,"audioPlay":false,"sceneViewState":{"showFog":true,"showMaterialUpdate":false,"showSkybox":true,"showFlares":true,"showImageEffects":true,"showParticleSystems":true},"in2DMode":false,"pivot":{"x":88.6657943725586,"y":-10.227472305297852,"z":40.16114044189453},"rotation":{"x":0.05657975375652313,"y":0.20958386361598969,"z":-0.012131559662520886,"w":0.9760915040969849},"size":56.171077728271487,"orthographic":false}