{"cameraMode":{"drawMode":0,"name":"Shaded","section":"Shading Mode"},"sceneLighting":true,"audioPlay":false,"sceneViewState":{"showFog":true,"showMaterialUpdate":false,"showSkybox":true,"showFlares":true,"showImageEffects":true,"showParticleSystems":true},"in2DMode":false,"pivot":{"x":6.58673620223999,"y":9.817994117736817,"z":-67.67173767089844},"rotation":{"x":0.027867188677191736,"y":0.04559754952788353,"z":-0.001246549771167338,"w":0.9986011981964111},"size":0.43256431818008425,"orthographic":false}